{"PROFIT_THRESH": 4.176420050820695e-05, "LEARNING_RATE": 0.003264009567827198, "DROPOUT_RATE_LSTM": 0.4927566259201666, "DROPOUT_RATE_LINEAR": 0.28495723628560743, "L2_REGULARIZATION": 1.35780844640132e-06, "PREDICTION_THRESHOLD": 0.4344881957988158, "LSTM_LAYERS": "64,32", "LINEAR_LAYERS": "64,32", "BATCH_SIZE": 32, "SKIP_CONNECTIONS": false}